source_relative_path,sample_file,size_bytes,sha256
00_域门/README.md,00_域门__README.md,586,
20_规则与流程/来源路径保留/2026-06-03/notion-3-crv/哲思之旅/工程设计准备/哲思之旅_四本文字版设计推进规则.md,20_规则与流程__来源路径保留__2026-06-03__notion-3-crv__哲思之旅__工程设计准备__哲思之旅_四本文字版设计推进规则.md,4123,
20_规则与流程/来源路径保留/2026-06-03/notion-3-crv/哲思之旅/工程设计准备/哲思之旅_清洗分类规则沟通稿.md,20_规则与流程__来源路径保留__2026-06-03__notion-3-crv__哲思之旅__工程设计准备__哲思之旅_清洗分类规则沟通稿.md,5607,
20_规则与流程/来源路径保留/2026-06-03/notion-3-crv/哲思之旅工程/17_Notion同步库/Notion同步规则.md,20_规则与流程__来源路径保留__2026-06-03__notion-3-crv__哲思之旅工程__17_Notion同步库__Notion同步规则.md,2295,
20_规则与流程/来源路径保留/2026-06-03/notion-3-crv/哲思之旅工程/17_Notion同步库/Notion增量同步SOP.md,20_规则与流程__来源路径保留__2026-06-03__notion-3-crv__哲思之旅工程__17_Notion同步库__Notion增量同步SOP.md,1253,
20_规则与流程/来源路径保留/2026-06-09/files-mentioned-by-the-user-ai/outputs/哲思之旅工程设计/哲思之旅_四本文字版设计推进规则.md,20_规则与流程__来源路径保留__2026-06-09__files-mentioned-by-the-user-ai__outputs__哲思之旅工程设计__哲思之旅_四本文字版设计推进规则.md,4123,
20_规则与流程/来源路径保留/2026-06-09/files-mentioned-by-the-user-ai/outputs/哲思之旅工程设计/哲思之旅_清洗分类规则沟通稿.md,20_规则与流程__来源路径保留__2026-06-09__files-mentioned-by-the-user-ai__outputs__哲思之旅工程设计__哲思之旅_清洗分类规则沟通稿.md,5607,
00_域门/来源路径保留/2026-06-03/notion-3-crv/哲思之旅/哲思之旅工程/00_工程入口/九条优化建设落实清单_2026-06-17.md,00_域门__来源路径保留__2026-06-03__notion-3-crv__哲思之旅__哲思之旅工程__00_工程入口__九条优化建设落实清单_2026-06-17.md,2857,
00_域门/来源路径保留/2026-06-03/notion-3-crv/哲思之旅/哲思之旅工程/00_工程入口/哲思之旅_工程入口.md,00_域门__来源路径保留__2026-06-03__notion-3-crv__哲思之旅__哲思之旅工程__00_工程入口__哲思之旅_工程入口.md,7238,
00_域门/来源路径保留/2026-06-03/notion-3-crv/哲思之旅/哲思之旅工程/00_工程入口/哲思之旅_工程总控_Notion版.md,00_域门__来源路径保留__2026-06-03__notion-3-crv__哲思之旅__哲思之旅工程__00_工程入口__哲思之旅_工程总控_Notion版.md,3441,
00_域门/来源路径保留/2026-06-03/notion-3-crv/哲思之旅/哲思之旅工程/00_工程入口/哲思之旅_本地总控台_合成版.md,00_域门__来源路径保留__2026-06-03__notion-3-crv__哲思之旅__哲思之旅工程__00_工程入口__哲思之旅_本地总控台_合成版.md,5359,
